{"cameraMode":{"drawMode":31,"name":"Sprite Mask","section":"Miscellaneous"},"sceneLighting":true,"audioPlay":false,"sceneViewState":{"showFog":true,"showMaterialUpdate":false,"showSkybox":true,"showFlares":true,"showImageEffects":true,"showParticleSystems":true},"in2DMode":false,"pivot":{"x":0.6260414123535156,"y":2.449981689453125,"z":3.0341429710388185},"rotation":{"x":-0.14486223459243775,"y":0.7318130731582642,"z":-0.16426998376846314,"w":-0.645352840423584},"size":10.0,"orthographic":false}